<?xml version="1.0" encoding="UTF-8"?>
<beans xmlns="http://www.springframework.org/schema/beans"
 xmlns:xsi="http://www.w3.org/2001/XMLSchema-instance"
 xmlns:context="http://www.springframework.org/schema/context"
 xmlns:p="http://www.springframework.org/schema/p"
 xmlns:c="http://www.springframework.org/schema/c"
 xsi:schemaLocation="http://www.springframework.org/schema/beans
 http://www.springframework.org/schema/beans/spring-beans.xsd
 http://www.springframework.org/schema/context
 http://www.springframework.org/schema/context/spring-context.xsd">
 
  <bean class="com.springcore.ci.Certificate" name="cer" c:name="Using c++ programming">
  <!-- <constructor-arg>
    <value>Androig using kotlin</value>
   </constructor-arg>  --> 
   
 
 </bean> 
<!-- <bean class="com.springcore.ci.Person" name="person">
   <constructor-arg>
   
   <value>Sanika</value>
   </constructor-arg>
   
   <constructor-arg value="12" type="int"></constructor-arg>
   
   <constructor-arg ref="cer"></constructor-arg>
</bean>


 <bean class="com.springcore.ci.Person" name="person1" c:name="Sanjivani"  c:personId="59" c:certi-ref="cer" >
</bean>    -->


<bean class="com.springcore.ci.Person" name="person2">
<constructor-arg><value>Sejal</value></constructor-arg>

<constructor-arg>
<value>50</value></constructor-arg>

<constructor-arg ref="cer">
</constructor-arg>



<constructor-arg>
<list>
<value>Sanika</value>
<value>sanjivani</value>
<value>Rutuja</value>

</list>

</constructor-arg>
</bean>



<!-- <bean class="com.springcore.ci.Addition" name="add1">

     <constructor-arg value="12" type="int" index="1"></constructor-arg>
     <constructor-arg value="70" type="int" index="0"></constructor-arg>

</bean> -->
</beans>




