<?xml version="1.0" encoding="UTF-8"?>
<beans xmlns="http://www.springframework.org/schema/beans"
 xmlns:xsi="http://www.w3.org/2001/XMLSchema-instance"
 xmlns:context="http://www.springframework.org/schema/context"
 xmlns:p="http://www.springframework.org/schema/p"
 xsi:schemaLocation="http://www.springframework.org/schema/beans
 http://www.springframework.org/schema/beans/spring-beans.xsd
 http://www.springframework.org/schema/context
 http://www.springframework.org/schema/context/spring-context.xsd">
 
 
 
 <bean class="com.sprincore.collection.emp" name="emp1">
 
    <property name="name">
   <value> Sanika</value>
    
    </property>
    
    
    
    <property name="phone">
    
      <list>
      <value>8767058696</value>
      <value>7083519784</value>
      <value>9011497114</value>
      <value>7020709074</value>
      <value>9767678945</value>
      </list>
    </property>
    
    
    <property name="Address">
    <set>
    
    <value>Delhi</value>
    <value>pune</value>
    <value>satara</value>
    <value>sangli</value>
    <value>karad</value>
    </set>
    </property>
    
    <property name="courses">
    <map>
    
    <entry key="java" value="2month"/>
    <entry key="c" value="5month"/>
     <entry key="c++" value="9month"/>
     <entry key="c#" value="3month"/>
     <entry key="spring" value="1month"/>
    
    </map>
    </property>
    
   <!--  <property name="other">
    <props>
      <prop key="name">Ishavari</prop>
      <prop key="Channelname">Learn code with sanika</prop>
    </props>
    </property> -->
 </bean>

</beans>