<?xml version="1.0" encoding="UTF-8"?>
<beans xmlns="http://www.springframework.org/schema/beans"
 xmlns:xsi="http://www.w3.org/2001/XMLSchema-instance"
 xmlns:context="http://www.springframework.org/schema/context"
 xmlns:p="http://www.springframework.org/schema/p"
 xsi:schemaLocation="http://www.springframework.org/schema/beans
 http://www.springframework.org/schema/beans/spring-beans.xsd
 http://www.springframework.org/schema/context
 http://www.springframework.org/schema/context/spring-context.xsd">
<bean name="bref" class="com.springcore.ref.B">
  <property name="y">
   <value>90</value>
 </property>
</bean>

<bean name="aref" class="com.springcore.ref.A">
 <property name="x">
  <value> 78</value>
 </property>
 
 <property name="b">
 <ref bean="bref"/>
 </property>
 
 
</bean>

   
  


</beans>